E02;https://www.culture.leclerc/musique-u
E0206;https://www.culture.leclerc/musique-u/electro-u
E020601;https://www.culture.leclerc/musique-u/electro-u/dance-u
E020602;https://www.culture.leclerc/musique-u/electro-u/techno-jungle-trance-house-u
E020603;https://www.culture.leclerc/musique-u/electro-u/electro-trip-hop-drum-n-bass-u
E020604;https://www.culture.leclerc/musique-u/electro-u/divers-u
E020605;https://www.culture.leclerc/musique-u/electro-u/informatique-u
E020606;https://www.culture.leclerc/musique-u/electro-u/divers-u
E0201;https://www.culture.leclerc/musique-u/variete-francaise-u
E020101;https://www.culture.leclerc/musique-u/variete-francaise-u/rock-francais-u
E020102;https://www.culture.leclerc/musique-u/variete-francaise-u/chanson-francais-u
E020103;https://www.culture.leclerc/musique-u/variete-francaise-u/pop-rock-francais-u
E020104;https://www.culture.leclerc/musique-u/variete-francaise-u/retro-francais-u
E020105;https://www.culture.leclerc/musique-u/variete-francaise-u/divers-u
E020106;https://www.culture.leclerc/musique-u/variete-francaise-u/divers-u
E0202;https://www.culture.leclerc/musique-u/variete-internationale-u
E020201;https://www.culture.leclerc/musique-u/variete-internationale-u/pop-international-u
E020202;https://www.culture.leclerc/musique-u/variete-internationale-u/rock-international-u
E020203;https://www.culture.leclerc/musique-u/variete-internationale-u/divers-u
E020204;https://www.culture.leclerc/musique-u/variete-internationale-u/classique-romantique-u
E020205;https://www.culture.leclerc/musique-u/variete-internationale-u/classique-sonate-u
E020206;https://www.culture.leclerc/musique-u/variete-internationale-u/classique-symphonie-u
E020207;https://www.culture.leclerc/musique-u/variete-internationale-u/concertos-u
E020208;https://www.culture.leclerc/musique-u/variete-internationale-u/divers-classique-u
E020209;https://www.culture.leclerc/musique-u/variete-internationale-u/musique-ancienne-u
E020210;https://www.culture.leclerc/musique-u/variete-internationale-u/musique-baroque-u
E020211;https://www.culture.leclerc/musique-u/variete-internationale-u/musique-contemporaine-et-experimentale-u
E020212;https://www.culture.leclerc/musique-u/variete-internationale-u/musique-de-chambre-u
E020213;https://www.culture.leclerc/musique-u/variete-internationale-u/recitals-instrumentaux-u
E020214;https://www.culture.leclerc/musique-u/variete-internationale-u/divers-u
E0203;https://www.culture.leclerc/musique-u/hard-metal-u
E020301;https://www.culture.leclerc/musique-u/hard-metal-u/hard-rock-u
E020302;https://www.culture.leclerc/musique-u/hard-metal-u/metal-fusion-francais-u
E020303;https://www.culture.leclerc/musique-u/hard-metal-u/metal-fusion-international-u
E020304;https://www.culture.leclerc/musique-u/hard-metal-u/divers-u
E0204;https://www.culture.leclerc/musique-u/rap-hip-hop-u
E020401;https://www.culture.leclerc/musique-u/rap-hip-hop-u/rap-hip-hop-francais-u
E020402;https://www.culture.leclerc/musique-u/rap-hip-hop-u/rap-hip-hop-international-u
E020403;https://www.culture.leclerc/musique-u/rap-hip-hop-u/divers-u
E020404;https://www.culture.leclerc/musique-u/rap-hip-hop-u/divers-u
E0205;https://www.culture.leclerc/musique-u/soul-funk-r-n-b-u
E020501;https://www.culture.leclerc/musique-u/soul-funk-r-n-b-u/soul-funk-r-n-b-francais-u
E020502;https://www.culture.leclerc/musique-u/soul-funk-r-n-b-u/soul-funk-r-n-b-international-u
E020503;https://www.culture.leclerc/musique-u/soul-funk-r-n-b-u/divers-u
E020504;https://www.culture.leclerc/musique-u/soul-funk-r-n-b-u/divers-u
E0207;https://www.culture.leclerc/musique-u/classique-u
E020701;https://www.culture.leclerc/musique-u/classique-u/classique-lyrique-u
E020702;https://www.culture.leclerc/musique-u/classique-u/musique-ancienne-u
E020703;https://www.culture.leclerc/musique-u/classique-u/musique-baroque-u
E020704;https://www.culture.leclerc/musique-u/classique-u/classique-romantique-u
E020705;https://www.culture.leclerc/musique-u/classique-u/musique-contemporaine-et-experimentale-u
E020706;https://www.culture.leclerc/musique-u/classique-u/recitals-instrumentaux-u
E020707;https://www.culture.leclerc/musique-u/classique-u/ballets-u
E020708;https://www.culture.leclerc/musique-u/classique-u/concertos-u
E020709;https://www.culture.leclerc/musique-u/classique-u/musique-de-chambre-u
E020710;https://www.culture.leclerc/musique-u/classique-u/classique-sonate-u
E020711;https://www.culture.leclerc/musique-u/classique-u/classique-symphonie-u
E020712;https://www.culture.leclerc/musique-u/classique-u/classique-liturgie-u
E020713;https://www.culture.leclerc/musique-u/classique-u/divers-u
E0208;https://www.culture.leclerc/musique-u/jazz-blues-u
E020801;https://www.culture.leclerc/musique-u/jazz-blues-u/jazz-u
E020802;https://www.culture.leclerc/musique-u/jazz-blues-u/jazz-vocal-u
E020803;https://www.culture.leclerc/musique-u/jazz-blues-u/jazz-rock-jazz-fusion-u
E020804;https://www.culture.leclerc/musique-u/jazz-blues-u/blues-gospel-u
E020805;https://www.culture.leclerc/musique-u/jazz-blues-u/ragtime-boogie-woogie-u
E020806;https://www.culture.leclerc/musique-u/jazz-blues-u/divers-u
E0209;https://www.culture.leclerc/musique-u/musique-de-films-u
E020901;https://www.culture.leclerc/musique-u/musique-de-films-u/cinema-tv-u
E020902;https://www.culture.leclerc/musique-u/musique-de-films-u/comedies-musicales-u
E020903;https://www.culture.leclerc/musique-u/musique-de-films-u/divers-u
E020904;https://www.culture.leclerc/musique-u/musique-de-films-u/monde-antilles-reunion-u
E020905;https://www.culture.leclerc/musique-u/musique-de-films-u/monde-asie-oceanie-u
E020906;https://www.culture.leclerc/musique-u/musique-de-films-u/monde-europe-u
E020907;https://www.culture.leclerc/musique-u/musique-de-films-u/monde-orient-pays-arabes-u
E020908;https://www.culture.leclerc/musique-u/musique-de-films-u/musique-celtique-u
E020909;https://www.culture.leclerc/musique-u/musique-de-films-u/musique-folklorique-u
E020910;https://www.culture.leclerc/musique-u/musique-de-films-u/musique-militaire-venerie-hymnes-u
E020911;https://www.culture.leclerc/musique-u/musique-de-films-u/reggae-ragga-u
E020912;https://www.culture.leclerc/musique-u/musique-de-films-u/divers-monde-u
E0211;https://www.culture.leclerc/musique-u/enfant-u
E021101;https://www.culture.leclerc/musique-u/enfant-u/chanson-u
E021102;https://www.culture.leclerc/musique-u/enfant-u/educatif-u
E021103;https://www.culture.leclerc/musique-u/enfant-u/comptines-et-rondes-u
E021104;https://www.culture.leclerc/musique-u/enfant-u/divers-u
E0212;https://www.culture.leclerc/musique-u/ambiance-u
E021201;https://www.culture.leclerc/musique-u/ambiance-u/divers-u
E021202;https://www.culture.leclerc/musique-u/ambiance-u/accordeon-musette-u
E021203;https://www.culture.leclerc/musique-u/ambiance-u/compilation-u
E021204;https://www.culture.leclerc/musique-u/ambiance-u/noel-u
E021205;https://www.culture.leclerc/musique-u/ambiance-u/karaoke-u
E021206;https://www.culture.leclerc/musique-u/ambiance-u/relaxation-u
E0213;https://www.culture.leclerc/musique-u/livre-audio-u
E021301;https://www.culture.leclerc/musique-u/livre-audio-u/texte-u
E021302;https://www.culture.leclerc/musique-u/livre-audio-u/texte-educatif-methode-u
E021303;https://www.culture.leclerc/musique-u/livre-audio-u/texte-historique-u
E021304;https://www.culture.leclerc/musique-u/livre-audio-u/texte-humoristique-u
E021305;https://www.culture.leclerc/musique-u/livre-audio-u/livres-lus-u
E021306;https://www.culture.leclerc/musique-u/livre-audio-u/theatre-u
E021307;https://www.culture.leclerc/musique-u/livre-audio-u/divers-u
E0214;https://www.culture.leclerc/musique-u/divers-u
E021401;https://www.culture.leclerc/musique-u/divers-u/pop-international-u
E021402;https://www.culture.leclerc/musique-u/divers-u/rock-international-u
E021403;https://www.culture.leclerc/musique-u/divers-u/divers-international-u
E0215;https://www.culture.leclerc/musique-u/dvd-et-blu-ray-musicaux-u
E021502;https://www.culture.leclerc/musique-u/dvd-et-blu-ray-musicaux-u/variete-internationale-u
E021503;https://www.culture.leclerc/musique-u/dvd-et-blu-ray-musicaux-u/hard-metal-u
E021504;https://www.culture.leclerc/musique-u/dvd-et-blu-ray-musicaux-u/rap-hip-hop-u
E021505;https://www.culture.leclerc/musique-u/dvd-et-blu-ray-musicaux-u/soul-funk-r-n-b-u
E021506;https://www.culture.leclerc/musique-u/dvd-et-blu-ray-musicaux-u/electro-u
E021507;https://www.culture.leclerc/musique-u/dvd-et-blu-ray-musicaux-u/classique-u
E021508;https://www.culture.leclerc/musique-u/dvd-et-blu-ray-musicaux-u/jazz-blues-u
E021509;https://www.culture.leclerc/musique-u/dvd-et-blu-ray-musicaux-u/musique-de-films-u
E021510;https://www.culture.leclerc/musique-u/dvd-et-blu-ray-musicaux-u/musiques-du-monde-u
E021511;https://www.culture.leclerc/musique-u/dvd-et-blu-ray-musicaux-u/enfant-u
E021512;https://www.culture.leclerc/musique-u/dvd-et-blu-ray-musicaux-u/ambiance-u
E021513;https://www.culture.leclerc/musique-u/dvd-et-blu-ray-musicaux-u/divers-u
E021514;https://www.culture.leclerc/musique-u/dvd-et-blu-ray-musicaux-u/divers-u
E021501;https://www.culture.leclerc/musique-u/dvd-et-blu-ray-musicaux-u/variete-francaise-u
E0216;https://www.culture.leclerc/musique-u/vinyles-u
E021602;https://www.culture.leclerc/musique-u/vinyles-u/variete-internationale-u
E021603;https://www.culture.leclerc/musique-u/vinyles-u/hard-metal-u
E021604;https://www.culture.leclerc/musique-u/vinyles-u/rap-hip-hop-u
E021605;https://www.culture.leclerc/musique-u/vinyles-u/soul-funk-r-n-b-u
E021606;https://www.culture.leclerc/musique-u/vinyles-u/electro-u
E021607;https://www.culture.leclerc/musique-u/vinyles-u/classique-u
E021608;https://www.culture.leclerc/musique-u/vinyles-u/jazz-blues-u
E021609;https://www.culture.leclerc/musique-u/vinyles-u/musique-de-films-u
E021610;https://www.culture.leclerc/musique-u/vinyles-u/musiques-du-monde-u
E021611;https://www.culture.leclerc/musique-u/vinyles-u/enfant-u
E021612;https://www.culture.leclerc/musique-u/vinyles-u/ambiance-u
E021613;https://www.culture.leclerc/musique-u/vinyles-u/livre-audio-u
E021614;https://www.culture.leclerc/musique-u/vinyles-u/divers-u
E021601;https://www.culture.leclerc/musique-u/vinyles-u/variete-francaise-u
E0217;https://www.culture.leclerc/musique-u/divers-u
E0210;https://www.culture.leclerc/musique-u/musiques-du-monde-u
E021001;https://www.culture.leclerc/musique-u/musiques-du-monde-u/monde-afrique-u
E021002;https://www.culture.leclerc/musique-u/musiques-du-monde-u/monde-amerique-latine-u
E021003;https://www.culture.leclerc/musique-u/musiques-du-monde-u/monde-antilles-reunion-u
E021004;https://www.culture.leclerc/musique-u/musiques-du-monde-u/monde-orient-pays-arabes-u
E021005;https://www.culture.leclerc/musique-u/musiques-du-monde-u/monde-asie-oceanie-u
E021006;https://www.culture.leclerc/musique-u/musiques-du-monde-u/monde-europe-u
E021007;https://www.culture.leclerc/musique-u/musiques-du-monde-u/musique-celtique-u
E021008;https://www.culture.leclerc/musique-u/musiques-du-monde-u/monde-amerique-du-nord-u
E021009;https://www.culture.leclerc/musique-u/musiques-du-monde-u/musique-folklorique-u
E021010;https://www.culture.leclerc/musique-u/musiques-du-monde-u/reggae-ragga-u
E021011;https://www.culture.leclerc/musique-u/musiques-du-monde-u/musique-militaire-venerie-hymnes-u
E021012;https://www.culture.leclerc/musique-u/musiques-du-monde-u/divers-u
E01;https://www.culture.leclerc/livre-u
E0101;https://www.culture.leclerc/livre-u/litterature-u
E010101;https://www.culture.leclerc/livre-u/litterature-u/romans-u
E010102;https://www.culture.leclerc/livre-u/litterature-u/policier--thriller-u
E010103;https://www.culture.leclerc/livre-u/litterature-u/science-fiction-fantasy--fantastique-u
E010106;https://www.culture.leclerc/livre-u/litterature-u/romans-historiques-terroir-recits-de-voyage-u
E010107;https://www.culture.leclerc/livre-u/litterature-u/poche-u
E010108;https://www.culture.leclerc/livre-u/litterature-u/contes-et-legendes-u
E010109;https://www.culture.leclerc/livre-u/litterature-u/theatre-poesie-u
E010110;https://www.culture.leclerc/livre-u/litterature-u/lettres-essais-litteraires-u
E010111;https://www.culture.leclerc/livre-u/litterature-u/biographies-memoires-et-correspondances-u
E010112;https://www.culture.leclerc/livre-u/litterature-u/pleiades-et-anthologies-litteraires-u
E0102;https://www.culture.leclerc/livre-u/bd-humour-u
E010201;https://www.culture.leclerc/livre-u/bd-humour-u/bd-adultes-u
E010202;https://www.culture.leclerc/livre-u/bd-humour-u/bd-jeunesse-u
E010203;https://www.culture.leclerc/livre-u/bd-humour-u/mangas-u
E010204;https://www.culture.leclerc/livre-u/bd-humour-u/comics-u
E010205;https://www.culture.leclerc/livre-u/bd-humour-u/humour-u
E0103;https://www.culture.leclerc/livre-u/jeunesse-u
E010301;https://www.culture.leclerc/livre-u/jeunesse-u/des-la-naissance-u
E010302;https://www.culture.leclerc/livre-u/jeunesse-u/des-3-ans-u
E010303;https://www.culture.leclerc/livre-u/jeunesse-u/des-6-ans-u
E010304;https://www.culture.leclerc/livre-u/jeunesse-u/des-9-ans-u
E010305;https://www.culture.leclerc/livre-u/jeunesse-u/des-13-ans-u
E010306;https://www.culture.leclerc/livre-u/jeunesse-u/young-adults-u
E0104;https://www.culture.leclerc/livre-u/loisirs-vie-pratique-u
E010401;https://www.culture.leclerc/livre-u/loisirs-vie-pratique-u/cuisine--vins-u
E010402;https://www.culture.leclerc/livre-u/loisirs-vie-pratique-u/sante-bien-etre-puericulture-u
E010403;https://www.culture.leclerc/livre-u/loisirs-vie-pratique-u/loisirs-creatifs-deco-u
E010404;https://www.culture.leclerc/livre-u/loisirs-vie-pratique-u/nature-animaux--jardin-u
E010405;https://www.culture.leclerc/livre-u/loisirs-vie-pratique-u/sports-et-transports-u
E010406;https://www.culture.leclerc/livre-u/loisirs-vie-pratique-u/tourisme-u
E010407;https://www.culture.leclerc/livre-u/loisirs-vie-pratique-u/calendriers-et-almanachs-u
E010408;https://www.culture.leclerc/livre-u/loisirs-vie-pratique-u/vie-quotidienne-u
E010409;https://www.culture.leclerc/livre-u/loisirs-vie-pratique-u/loisirs-et-jeux-u
E0105;https://www.culture.leclerc/livre-u/arts-culture--societe-u
E010501;https://www.culture.leclerc/livre-u/arts-culture--societe-u/questions-de-societe--politique-economie-societe..-u
E010502;https://www.culture.leclerc/livre-u/arts-culture--societe-u/art-u
E010503;https://www.culture.leclerc/livre-u/arts-culture--societe-u/cinema-u
E010504;https://www.culture.leclerc/livre-u/arts-culture--societe-u/musique-u
E010505;https://www.culture.leclerc/livre-u/arts-culture--societe-u/arts-du-spectacle-u
E010506;https://www.culture.leclerc/livre-u/arts-culture--societe-u/mode-u
E010507;https://www.culture.leclerc/livre-u/arts-culture--societe-u/photographie-u
E010508;https://www.culture.leclerc/livre-u/arts-culture--societe-u/television-radio-u
E010509;https://www.culture.leclerc/livre-u/arts-culture--societe-u/autres-art-cinema-musique…-u
E010510;https://www.culture.leclerc/livre-u/arts-culture--societe-u/esoterisme-u
E010511;https://www.culture.leclerc/livre-u/arts-culture--societe-u/histoire-u
E010512;https://www.culture.leclerc/livre-u/arts-culture--societe-u/religion-et-spiritualites-u
E010513;https://www.culture.leclerc/livre-u/arts-culture--societe-u/sciences-humaines-u
E0106;https://www.culture.leclerc/livre-u/savoirs-u
E010601;https://www.culture.leclerc/livre-u/savoirs-u/dictionnaires--langues-u
E010602;https://www.culture.leclerc/livre-u/savoirs-u/methodes-de-langues-u
E010603;https://www.culture.leclerc/livre-u/savoirs-u/droit-u
E010604;https://www.culture.leclerc/livre-u/savoirs-u/economie--entreprise-u
E010606;https://www.culture.leclerc/livre-u/savoirs-u/sciences-et-techniques-u
E010607;https://www.culture.leclerc/livre-u/savoirs-u/medecine--paramedical-u
E010605;https://www.culture.leclerc/livre-u/savoirs-u/informatique-u
E0107;https://www.culture.leclerc/livre-u/scolaire-et-parascolaire-u
E010701;https://www.culture.leclerc/livre-u/scolaire-et-parascolaire-u/scolaire-et-soutien-scolaire-u
E010702;https://www.culture.leclerc/livre-u/scolaire-et-parascolaire-u/annales-u
E010703;https://www.culture.leclerc/livre-u/scolaire-et-parascolaire-u/cahiers-de-vacances-u
E010704;https://www.culture.leclerc/livre-u/scolaire-et-parascolaire-u/concours-et-prepas-u
E010705;https://www.culture.leclerc/livre-u/scolaire-et-parascolaire-u/œuvres-litteraires-classiques-u
E010706;https://www.culture.leclerc/livre-u/scolaire-et-parascolaire-u/pedagogie-enseignement--education-u
E0108;https://www.culture.leclerc/livre-u/livres-audio-u
E0109;https://www.culture.leclerc/livre-u/livres-en-grands-caracteres-u
E010901;https://www.culture.leclerc/livre-u/livres-en-grands-caracteres-u/litterature-u
E010902;https://www.culture.leclerc/livre-u/livres-en-grands-caracteres-u/autres-livres-en-anglais-u
E0110;https://www.culture.leclerc/livre-u/livres-en-anglais-vo-u
E011001;https://www.culture.leclerc/livre-u/livres-en-anglais-vo-u/litterature-u
E011002;https://www.culture.leclerc/livre-u/livres-en-anglais-vo-u/autres-livres-en-anglais-u
E04;https://www.culture.leclerc/video-u
E0401;https://www.culture.leclerc/video-u/series-tv-u
E040101;https://www.culture.leclerc/video-u/series-tv-u/fantastique--science-fiction-u
E040102;https://www.culture.leclerc/video-u/series-tv-u/horreur-u
E040103;https://www.culture.leclerc/video-u/series-tv-u/action--aventure-u
E040104;https://www.culture.leclerc/video-u/series-tv-u/medical-u
E040105;https://www.culture.leclerc/video-u/series-tv-u/comedie-u
E040106;https://www.culture.leclerc/video-u/series-tv-u/ados-u
E040107;https://www.culture.leclerc/video-u/series-tv-u/famille-u
E040108;https://www.culture.leclerc/video-u/series-tv-u/dramatique-u
E040109;https://www.culture.leclerc/video-u/series-tv-u/historique-et-biographique-u
E040110;https://www.culture.leclerc/video-u/series-tv-u/thriller-u
E040111;https://www.culture.leclerc/video-u/series-tv-u/politique-u
E040112;https://www.culture.leclerc/video-u/series-tv-u/policier-u
E040113;https://www.culture.leclerc/video-u/series-tv-u/judiciaire-u
E040114;https://www.culture.leclerc/video-u/series-tv-u/guerre-u
E040115;https://www.culture.leclerc/video-u/series-tv-u/western-u
E040116;https://www.culture.leclerc/video-u/series-tv-u/teenager-u
E040117;#N/A
E040118;#N/A
E040119;https://www.culture.leclerc/video-u/series-tv-u/erotique-u
E0402;https://www.culture.leclerc/video-u/jeunesse-u
E040201;https://www.culture.leclerc/video-u/jeunesse-u/films-d-animation-u
E040202;https://www.culture.leclerc/video-u/jeunesse-u/series-animees-u
E040203;https://www.culture.leclerc/video-u/jeunesse-u/animation-japonaise-films-u
E040204;https://www.culture.leclerc/video-u/jeunesse-u/animation-japonaise-series-u
E040205;https://www.culture.leclerc/video-u/jeunesse-u/films-famille-u
E040206;https://www.culture.leclerc/video-u/jeunesse-u/walt-disney-u
E0403;https://www.culture.leclerc/video-u/films-u
E040301;https://www.culture.leclerc/video-u/films-u/fantastique--science-fiction-u
E040302;https://www.culture.leclerc/video-u/films-u/action--aventure-u
E040303;https://www.culture.leclerc/video-u/films-u/films-d-animation-u
E040304;https://www.culture.leclerc/video-u/films-u/animation-japonaise-u
E040305;https://www.culture.leclerc/video-u/films-u/comedies-u
E040306;https://www.culture.leclerc/video-u/films-u/films-musicaux-u
E040307;https://www.culture.leclerc/video-u/films-u/drame--comedie-dramatique-u
E040308;https://www.culture.leclerc/video-u/films-u/films-biographiques-u
E040309;https://www.culture.leclerc/video-u/films-u/policier--thriller-u
E040310;https://www.culture.leclerc/video-u/films-u/horreur-u
E040311;https://www.culture.leclerc/video-u/films-u/western-u
E040312;https://www.culture.leclerc/video-u/films-u/guerre-u
E040313;https://www.culture.leclerc/video-u/films-u/asiatique-u
E040314;https://www.culture.leclerc/video-u/films-u/charme-erotisme-public-averti-u
E0404;https://www.culture.leclerc/video-u/humour-et-documentaires-u
E040401;https://www.culture.leclerc/video-u/humour-et-documentaires-u/humour--spectacle-u
E040402;https://www.culture.leclerc/video-u/humour-et-documentaires-u/theatre-u
E040403;https://www.culture.leclerc/video-u/humour-et-documentaires-u/documentaires-u
E040404;https://www.culture.leclerc/video-u/humour-et-documentaires-u/bien-etre-sante-forme-u
E040405;https://www.culture.leclerc/video-u/humour-et-documentaires-u/courts-metrages-u
