EAN;CATEGORIES_ID
3700724903010    ;policier-thriller-dvd-blu-ray
3607483240199    ;drame-comedie-dramatique-dvd-blu-ray
3607483240151    ;drame-comedie-dramatique-dvd-blu-ray
3545020049464    ;drame-comedie-dramatique-dvd-blu-ray
3388330050665    ;drame-comedie-dramatique-dvd-blu-ray
3309450043726    ; film-d-animation-dvd-blu-ray
3344428071158    ;comedie-dvd-blu-ray
5051889628866    ;comedie-dvd-blu-ray
3475001055668    ;drame-comedie-dramatique-dvd-blu-ray
3475001054784    ;film-d-animation-dvd-blu-ray
3475001054876    ;drame-comedie-dramatique-dvd-blu-ray
5051889620693    ;biopic-dvd-blu-ray
3700301052117    ;action-aventure-dvd-blu-ray
5051889627463    ;drame-comedie-dramatique-dvd-blu-ray
3333297307994    ;film-d-animation-dvd-blu-ray
3333297308786    ;drame-comedie-dramatique-dvd-blu-ray
3333297308816    ;comedie-dvd-blu-ray
3660485995092    ;biopic-dvd-blu-ray
5051889621898    ;fantastique-science-fiction-dvd-blu-ray
5051889624493    ;drame-comedie-dramatique-dvd-blu-ray
5051889625964    ;comedie-dvd-blu-ray
3607483250631    ;drame-comedie-dramatique-dvd-blu-ray
3475001055682    ;biopic-dvd-blu-ray
3344428072384    ; series-tv-dvd-blu-ray
3309450044068    ;manga-dvd-blu-ray
3388330051013    ;comedie-dvd-blu-ray
3660485995320    ;drame-comedie-dramatique-dvd-blu-ray
3512392416378    ;policier-thriller-dvd-blu-ray
3512392517389    ;policier-thriller-dvd-blu-ray
3512392518294    ;action-aventure-dvd-blu-ray
3512392518577    ;action-aventure-dvd-blu-ray
3512392718809    ;documentaires-dvd-blu-ray
3512392119057    ;horreur-dvd-blu-ray
3760247205916    ;comedie-dvd-blu-ray
3760247204926    ;drame-comedie-dramatique-dvd-blu-ray
3512392319068    ;drame-comedie-dramatique-dvd-blu-ray
3760247203059    ;horreur-dvd-blu-ray
3660485995702    ;comedie-dvd-blu-ray
3660485995740    ;series-tv-dvd-blu-ray
3660485995795    ;documentaires-dvd-blu-ray
3760247205824    ;policier-thriller-dvd-blu-ray
3333297310611    ;action-aventure-dvd-blu-ray
3453277310643    ;series-tv-dvd-blu-ray
3333297311151    ;policier-thriller-dvd-blu-ray
3512392319846    ;biopic-dvd-blu-ray
3700724953435    ;drame-comedie-dramatique-dvd-blu-ray
3344428085063    ;series-tv-dvd-blu-ray
3607483260531    ;drame-comedie-dramatique-dvd-blu-ray
3607483250921    ;drame-comedie-dramatique-dvd-blu-ray
8717418533281    ;comedie-dvd-blu-ray
5051889644521    ;drame-comedie-dramatique-dvd-blu-ray
3475001057402    ;drame-comedie-dramatique-dvd-blu-ray
5051889624530    ;drame-comedie-dramatique-dvd-blu-ray
5051889646501    ;comedie-dvd-blu-ray
5051889652588    ;biopic-dvd-blu-ray
5051889622499    ;horreur-dvd-blu-ray
3700301054289    ;policier-thriller-dvd-blu-ray
3475001057679    ;policier-thriller-dvd-blu-ray
5051889644354    ;film-d-animation-dvd-blu-ray
5051889646129    ;drame-comedie-dramatique-dvd-blu-ray
3512392420986    ;drame-comedie-dramatique-dvd-blu-ray
3512392520501    ;policier-thriller-dvd-blu-ray
3512392721274    ;documentaires-dvd-blu-ray
3512392121302    ;fantastique-science-fiction-dvd-blu-ray
3512392121333    ;horreur-dvd-blu-ray
3512392119866    ;drame-comedie-dramatique-dvd-blu-ray
3512392521515    ;action-aventure-dvd-blu-ray
3512392321436    ;drame-comedie-dramatique-dvd-blu-ray
3512392421853    ;policier-thriller-dvd-blu-ray
3545020065556    ;policier-thriller-dvd-blu-ray
5060314993349    ;manga-dvd-blu-ray
3344428148263    ;fantastique-science-fiction-dvd-blu-ray
3344428147884    ;drame-comedie-dramatique-dvd-blu-ray
3344428166700    ;comedie-dvd-blu-ray
3344428153090    ;documentaires-dvd-blu-ray
3388337081242    ;comedie-dvd-blu-ray
3453277311787    ;documentaires-dvd-blu-ray
3348467311954    ;series-tv-dvd-blu-ray
3512392121982    ;horreur-dvd-blu-ray
3512392422010    ;policier-thriller-dvd-blu-ray
3512392519468    ;guerre-dvd-blu-ray
3333297312097    ;fantastique-science-fiction-dvd-blu-ray
3512392522673    ;guerre-dvd-blu-ray
3660485995948    ;comedie-dvd-blu-ray
3512392519482    ;guerre-dvd-blu-ray
8717418556983    ;film-d-animation-dvd-blu-ray
3512392123054    ;horreur-dvd-blu-ray
3512392723377    ;drame-comedie-dramatique-dvd-blu-ray
3512392723438    ;action-aventure-dvd-blu-ray
3344428184124    ;series-tv-dvd-blu-ray
3344428179779    ;policier-thriller-dvd-blu-ray
3607483260920    ;comedie-dvd-blu-ray
3607483270356    ;series-tv-dvd-blu-ray
3344428203214    ;series-tv-dvd-blu-ray
3453277312609    ;drame-comedie-dramatique-dvd-blu-ray
8717418561383    ;fantastique-science-fiction-dvd-blu-ray
8717418569389    ;film-d-animation-dvd-blu-ray
3660485996334    ;documentaires-dvd-blu-ray
3660485996471    ;series-tv-dvd-blu-ray
3512392524042    ;fantastique-science-fiction-dvd-blu-ray
3512392722790    ;western-dvd-blu-ray
3512392523793    ;action-aventure-dvd-blu-ray
3333297312998    ;comedie-dvd-blu-ray
3333297313285    ;fantastique-science-fiction-dvd-blu-ray
3333297313360    ;action-aventure-dvd-blu-ray
3545020068083    ;drame-comedie-dramatique-dvd-blu-ray
3545020069844    ;documentaires-dvd-blu-ray
3545020068151    ;drame-comedie-dramatique-dvd-blu-ray
