E02;Musique
E0206;Électro
E020601;Dance
E020602;Techno, Jungle, Trance, House
E020603;Électro, Trip Hop, Drum'n Bass
E020604;Divers
E020605;Informatique
E020606;Divers
E0201;Variété française
E020101;Rock Français
E020102;Chanson Français
E020103;Pop Rock Français
E020104;Rétro Français
E020105;Divers
E020106;Divers
E0202;Variété internationale
E020201;Pop International
E020202;Rock International
E020203;Divers
E020204;Classique romantique
E020205;Classique sonate
E020206;Classique symphonie
E020207;Concertos
E020208;Divers classique
E020209;Musique ancienne
E020210;Musique baroque
E020211;Musique contemporaine et expérimentale
E020212;Musique de chambre
E020213;Récitals instrumentaux
E020214;Divers
E0203;Hard, Metal
E020301;Hard Rock
E020302;Metal, Fusion Français
E020303;Metal, Fusion International
E020304;Divers
E0204;Rap, Hip Hop
E020401;Rap, Hip Hop Français
E020402;Rap, Hip Hop International
E020403;Divers
E020404;Divers
E0205;Soul, Funk, R'n'B
E020501;Soul, Funk, R'n'B Français
E020502;Soul, Funk, R'n'B International
E020503;Divers
E020504;Divers
E0207;Classique
E020701;Classique lyrique
E020702;Musique ancienne
E020703;Musique baroque
E020704;Classique romantique
E020705;Musique contemporaine et expérimentale
E020706;Récitals instrumentaux
E020707;Ballets
E020708;Concertos
E020709;Musique de chambre
E020710;Classique sonate
E020711;Classique symphonie
E020712;Classique liturgie
E020713;Divers
E0208;Jazz, Blues
E020801;Jazz
E020802;Jazz vocal
E020803;Jazz Rock, Jazz Fusion
E020804;Blues, Gospel
E020805;Ragtime, Boogie Woogie
E020806;Divers
E0209;Musique de films
E020901;Cinéma, TV
E020902;Comédies musicales
E020903;Divers
E020904;Monde Antilles, Réunion
E020905;Monde Asie, Océanie
E020906;Monde Europe
E020907;Monde Orient, Pays Arabes
E020908;Musique Celtique
E020909;Musique folklorique
E020910;Musique militaire, Vénerie, Hymnes
E020911;Reggae Ragga
E020912;Divers monde
E0211;Enfant
E021101;Chanson
E021102;Éducatif
E021103;Comptines et Rondes
E021104;Divers
E0212;Ambiance
E021201;Divers
E021202;Accordéon, Musette
E021203;Compilation
E021204;Noël
E021205;Karaoké
E021206;Relaxation
E0213;Livre audio
E021301;Texte
E021302;Texte éducatif, Méthode
E021303;Texte historique
E021304;Texte humoristique
E021305;Livres Lus
E021306;Théâtre
E021307;Divers
E0214;Divers
E021401;Pop International
E021402;Rock International
E021403;Divers International
E0215;DVD et Blu-ray musicaux
E021502;Variété Internationale
E02150201;Pop International
E02150202;Rock International
E02150203;Divers
E02150204;Classique romantique
E02150205;Classique sonate
E02150206;Classique symphonie
E02150207;Concertos
E02150208;Divers classique
E02150209;Musique ancienne
E02150210;Musique baroque
E02150211;Musique contemporaine et expérimentale
E02150212;Musique de chambre
E02150213;Récitals instrumentaux
E02150214;Divers
E021503;Hard, Metal
E02150301;Hard Rock
E02150302;Metal, Fusion Français
E02150303;Metal, Fusion International
E02150304;Divers
E021504;Rap, Hip Hop
E02150401;Rap, Hip Hop Français
E02150402;Rap, Hip Hop International
E02150403;Divers
E02150404;Divers
E021505;Soul, Funk, R'n'B
E02150501;Soul, Funk, R'n'B Français
E02150502;Soul, Funk, R'n'B International
E02150503;Divers
E02150504;Divers
E021506;Électro
E02150601;Dance
E02150602;Techno, Jungle, Trance, House
E02150603;Électro, Trip Hop, Drum'n Bass
E02150604;Divers
E02150605;Ragtime, Boogie Woogie
E02150606;Divers
E021507;Classique
E02150701;Classique lyrique
E02150702;Musique ancienne
E02150703;Musique baroque
E02150704;Classique romantique
E02150705;Musique contemporaine et expérimentale
E02150706;Récitals instrumentaux
E02150707;Ballets
E02150708;Concertos
E02150709;Musique de chambre
E02150710;Classique sonate
E02150711;Classique symphonie
E02150712;Classique liturgie
E02150713;Divers
E021508;Jazz, Blues
E02150801;Blues, Gospel
E02150802;Jazz
E02150803;Jazz Rock, Jazz Fusion
E02150804;Jazz vocal
E02150805;Ragtime, Boogie Woogie
E02150806;Divers
E021509;Musique de films
E02150901;Cinéma, TV
E02150902;Comédies musicales
E02150903;Divers
E02150904;Monde Antilles, Réunion
E02150905;Monde Asie, Océanie
E02150906;Monde Europe
E02150907;Monde Orient, Pays Arabes
E02150908;Musique Celtique
E02150909;Musique folklorique
E02150910;Musique militaire, Vénerie, Hymnes
E02150911;Reggae Ragga
E02150912;Divers monde
E021510;Musiques du monde
E02151001;Monde Afrique
E02151002;Monde Amérique Latine
E02151003;Monde Antilles, Réunion
E02151004;Monde Orient, Pays Arabes
E02151005;Monde Asie, Océanie
E02151006;Monde Europe
E02151007;Musique Celtique
E02151008;Monde Amérique du Nord
E02151009;Musique folklorique
E02151010;Musique militaire, Vénerie, Hymnes
E02151011;Reggae Ragga
E02151012;Divers
E021511;Enfant
E02151101;Chanson
E02151102;Comptines et Rondes
E02151103;Éducatif
E02151104;Divers
E021512;Ambiance
E02151201;Accordéon, Musette
E02151202;Compilation
E02151203;Noël
E02151204;Karaoké
E02151205;Relaxation
E02151206;Divers
E021513;Divers
E02151301;Pop International
E02151302;Rock International
E02151303;Divers International
E021514;Divers
E021501;Variété Française
E02150101;Rock Français
E02150102;Chanson Français
E02150103;Pop Rock Français
E02150104;Rétro Français
E02150105;Divers
E02150106;Divers
E0216;Vinyles
E021602;Variété Internationale
E02160201;Pop International
E02160202;Rock International
E02160203;Divers
E02160204;Classique romantique
E02160205;Classique sonate
E02160206;Classique symphonie
E02160207;Concertos
E02160208;Divers classique
E02160209;Musique ancienne
E02160210;Musique baroque
E02160211;Musique contemporaine et expérimentale
E02160212;Musique de chambre
E02160213;Récitals instrumentaux
E02160214;Divers
E021603;Hard, Metal
E02160301;Hard Rock
E02160302;Metal, Fusion Français
E02160303;Metal, Fusion International
E02160304;Divers
E021604;Rap, Hip Hop
E02160401;Rap, Hip Hop Français
E02160402;Rap, Hip Hop International
E02160403;Divers
E02160404;Divers
E021605;Soul, Funk, R'n'B
E02160501;Soul, Funk, R'n'B Français
E02160502;Soul, Funk, R'n'B International
E02160503;Divers
E02160504;Divers
E021606;Électro
E02160601;Dance
E02160602;Techno, Jungle, Trance, House
E02160603;Électro, Trip Hop, Drum'n Bass
E02160604;Divers
E02160605;Ragtime, Boogie Woogie
E02160606;Divers
E021607;Classique
E02160701;Classique lyrique
E02160702;Musique ancienne
E02160703;Musique baroque
E02160704;Classique romantique
E02160705;Musique contemporaine et expérimentale
E02160706;Récitals instrumentaux
E02160707;Ballets
E02160708;Concertos
E02160709;Musique de chambre
E02160710;Classique sonate
E02160711;Classique symphonie
E02160712;Classique liturgie
E02160713;Divers
E021608;Jazz, Blues
E02160801;Blues, Gospel
E02160802;Jazz
E02160803;Jazz Rock, Jazz Fusion
E02160804;Jazz vocal
E02160805;Ragtime, Boogie Woogie
E02160806;Divers
E021609;Musique de films
E02160901;Cinéma, TV
E02160902;Comédies musicales
E02160903;Divers
E02160904;Monde Antilles, Réunion
E02160905;Monde Asie, Océanie
E02160906;Monde Europe
E02160907;Monde Orient, Pays Arabes
E02160908;Musique Celtique
E02160909;Musique folklorique
E02160910;Musique militaire, Vénerie, Hymnes
E02160911;Reggae Ragga
E02160912;Divers monde
E021610;Musiques du monde
E02161001;Monde Afrique
E02161002;Monde Amérique Latine
E02161003;Monde Antilles, Réunion
E02161004;Monde Orient, Pays Arabes
E02161005;Monde Asie, Océanie
E02161006;Monde Europe
E02161007;Musique Celtique
E02161008;Monde Amérique du Nord
E02161009;Musique folklorique
E02161010;Musique militaire, Vénerie, Hymnes
E02161011;Reggae Ragga
E02161012;Divers
E021611;Enfant
E02161101;Chanson
E02161102;Comptines et Rondes
E02161103;Éducatif
E02161104;Divers
E021612;Ambiance
E02161201;Accordéon, Musette
E02161202;Compilation
E02161203;Karaoké
E02161204;Noël
E02161205;Relaxation
E02161206;Divers
E021613;Livre audio
E02161301;Livres Lus
E02161302;Texte
E02161303;Texte éducatif, Méthode
E02161304;Texte historique
E02161305;Texte humoristique
E02161306;Théâtre
E02161307;Divers
E021614;Divers
E021601;Variété Française
E02160101;Rock Français
E02160102;Chanson Français
E02160103;Pop Rock Français
E02160104;Rétro Français
E02160105;Divers
E02160106;Divers
E0217;Divers
E0210;Musiques du monde
E021001;Monde Afrique
E021002;Monde Amérique Latine
E021003;Monde Antilles, Réunion
E021004;Monde Orient, Pays Arabes
E021005;Monde Asie, Océanie
E021006;Monde Europe
E021007;Musique Celtique
E021008;Monde Amérique du Nord
E021009;Musique folklorique
E021010;Reggae Ragga
E021011;Musique militaire, Vénerie, Hymnes
E021012;Divers
E01;Livre
E0101;Littérature
E010101;Romans
E01010101;Littérature française
E01010102;Littérature étrangère
E0101010212;Autres littératures étrangères
E0101010211;Littérature Proche-Orient & Maghreb
E0101010210;Littérature indienne
E0101010209;Littérature russe et pays de l'est
E0101010208;Littérature nordique
E0101010207;Littérature italienne
E0101010206;Littérature espagnole et portugaise
E0101010205;Littérature asiatique
E010101020503;Autres pays asiatiques
E010101020502;Littérature japonaise
E010101020501;Littérature chinoise
E0101010204;Littérature anglaise
E0101010203;Littérature américaine
E0101010202;Littérature allemande
E0101010201;Littérature africaine
E010102;Policier & Thriller
E010103;Science-fiction, Fantasy & fantastique
E01010301;Fantasy, fantastique et horreur
E01010302;Science-fiction
E010106;Romans historiques, terroir, récits de voyage
E01010601;Romans historiques
E01010602;Romans du terroir
E01010603;Récits de voyage
E010107;Poche
E01010701;Romans
E0101070107;Romans historiques, terroir, récits de voyage
E010107010702;Romans du terroir
E010107010701;Romans historiques
E010107010703;Récits de voyage
E0101070106;Erotisme
E0101070105;New Romance et sentimental
E0101070104;Science-fiction, Fantasy & fantastique
E010107010402;Science-fiction
E010107010401;Fantasy, fantastique et horreur
E0101070103;Policier & Thriller
E0101070102;Littérature étrangère
E010107010212;Autres littératures étrangères
E010107010211;Littérature Proche-Orient & Maghreb
E010107010210;Littérature indienne
E010107010209;Littérature russe et pays de l'est
E010107010208;Littérature nordique
E010107010207;Littérature italienne
E010107010206;Littérature espagnole et portugaise
E010107010205;Littérature asiatique
E01010701020503;Autres pays asiatiques
E01010701020502;Littérature japonaise
E01010701020501;Littérature chinoise
E010107010204;Littérature anglaise
E010107010203;Littérature américaine
E010107010202;Littérature allemande
E010107010201;Littérature africaine
E0101070101;Littérature française
E010108;Contes et légendes
E010109;Théâtre, poésie
E01010901;Théâtre
E01010902;Poésie
E010110;Lettres, Essais littéraires
E01011001;Lettres
E01011002;Essais littéraires
E010111;Biographies, mémoires et correspondances
E01011101;Biographies  et mémoires littéraires
E01011102;Correspondances
E010112;Pléiades et anthologies Littéraires
E01011201;Pléiades
E01011202;Anthologies littéraires
E0102;BD, Humour
E010201;BD adultes
E01020101;BD Humour
E01020102;BD Aventures
E01020103;BD Policier et Suspense
E01020104;BD Science-fiction
E01020105;BD Heroic fantasy
E01020106;BD Historiques
E01020107;Romans graphiques, Artbooks
E01020108;BD Western
E01020109;BD érotiques
E01020110;Autres BD adultes
E010202;BD jeunesse
E010203;Mangas
E01020301;Mangas Shonen
E01020302;Mangas Shojo
E01020303;Mangas Seinen
E01020304;Yaoi, Yuri
E01020305;Hentaï
E01020306;Autres mangas
E010204;Comics
E010205;Humour
E0103;Jeunesse
E010301;Dès la naissance
E01030101;Livres tissu, bain et tout carton
E01030102;Imagiers, abécédaires et premières notions
E01030103;Livres animés
E01030104;Comptines, berceuses & chansons
E01030105;Albums
E01030106;Premières activités et Livres jeux
E010302;Dès 3 ans
E01030201;Albums
E01030202;Mes tout premiers romans
E01030203;Contes
E01030204;Comptines & chansons
E01030205;Documentaires
E01030206;Loisirs, activités et travaux manuels
E0103020604;Autres Loisirs, activités et travaux manuels
E0103020603;Jeux et activités manuelles
E0103020602;Coloriage
E0103020601;Gommettes, stickers
E01030207;Poésie et Théâtre
E010303;Dès 6 ans
E01030301;Romans et premières lectures
E01030302;Albums
E01030303;Contes
E01030304;Documentaires
E01030305;Loisirs, activités et travaux manuels
E0103030504;Autres Loisirs, activités et travaux manuels
E0103030503;Jeux et activités manuelles
E0103030502;Coloriage
E0103030501;Gommettes, stickers
E01030306;Musique et Chansons
E01030307;Poésie et Théâtre
E010304;Dès 9 ans
E01030401;Romans
E01030402;Documentaires
E01030403;Loisirs, activités et travaux manuels
E01030404;Contes
E01030405;Poésie et Théâtre
E010305;Dès 13 ans
E01030501;Romans
E01030502;Documentaires
E01030503;Poésie et Théâtre
E010306;Young adults
E0104;Loisirs, Vie pratique
E010401;Cuisine & Vins
E01040101;Alcools & spiritueux
E01040102;Cuisine : ouvrages de référence
E01040103;Cuisines du monde
E01040104;Cuisine française
E01040105;Cuisines régionales
E01040106;Cuisine des chefs
E01040107;Cuisine diététique et bio
E01040108;Cuisine rapide et économique
E01040109;Apéritifs et entrées
E01040110;Plats
E0104011005;Fruits
E0104011004;Légumes
E0104011003;Fromages,  œufs
E0104011002;Viandes
E0104011001;Poissons
E01040111;Desserts
E01040112;Arts de la table
E01040113;Cuisine de plein-air
E01040114;Autres Cuisine & Vins
E010402;Santé, bien-être, puériculture
E01040201;Développement personnel
E0104020106;Autres  Développement personnel
E0104020105;Couple et sexualité
E0104020104;Lâche prise & pensée positive
E0104020103;Estime de soi
E0104020102;Relation interpersonnels
E0104020101;Généralités Développement personnel
E01040202;Maternité et Puériculture
E0104020204;Éducation et développement de l'enfant
E0104020203;Puériculture
E0104020202;Guide des prénoms
E0104020201;Grossesse et Maternité
E01040203;Santé, forme
E0104020312;Autres santé
E0104020311;Rester jeune
E0104020310;Beauté
E0104020309;Forme
E0104020308;Secourisme
E0104020307;Sommeil
E0104020306;Tabac et Alcool
E0104020305;Cancer
E0104020304;Diabète
E0104020303;Régimes
E0104020302;Maladies, allergies et intolérances alimentaires
E0104020301;Généralités Santé
E01040204;Médecines douces et naturelles
E0104020406;Autres Médecines douces et naturelles
E0104020405;Homéopathie
E0104020404;Magnétisme
E0104020403;Sophrologie et relaxation
E0104020402;Massages
E0104020401;Aromathérapie
E01040205;Médecines orientales
E0104020503;Qi Gong
E0104020502;Yoga
E0104020501;Acupuncture
E010403;Loisirs créatifs, déco
E01040301;Loisirs créatifs
E0104030107;Autres Loisirs créatifs
E0104030106;Dessin, peinture, sculpture…
E0104030105;Pâte Fimo, pâte à sel…
E0104030104;Art-thérapie
E0104030103;Tricot et crochet
E0104030102;Broderie et Point de croix
E0104030101;Couture
E01040302;Décoration
E0104030203;Brocante et Artisanat
E0104030202;Décoration d'intérieur
E0104030201;Manuels de décoration
E010404;Nature, animaux & jardin
E01040401;Nature
E0104040111;Autres Nature
E0104040110;Volcans
E0104040109;Ecologie (et environnement)
E0104040108;Roches, minéraux et fossiles
E0104040107;Catastrophes naturelles
E0104040106;Pêche
E0104040105;Chasse
E0104040104;Mer
E0104040103;Flore de France et du monde
E0104040102;Climatologie
E0104040101;Champignons
E01040402;Animaux
E0104040203;Animaux sauvages
E010404020304;Autres Animaux sauvages
E010404020303;Oiseaux
E010404020302;Reptiles, amphibiens
E010404020301;Insectes
E0104040202;Animaux domestiques
E010404020205;Autres Animaux domestiques
E010404020204;Cheval
E010404020203;Chien
E010404020202;Chat
E010404020201;Animaux de la ferme
E0104040201;Aquariums, poissons
E01040403;Jardin
E0104040309;Taille, greffe, soins
E0104040308;Potager
E0104040307;Plantes d'intérieur, bonsaïs
E0104040306;Petits jardins : balcons, pots
E0104040305;Jardiner avec la lune
E0104040304;Fleurs et plantes ornementales
E0104040303;"Arbres fruitiers et fruits ; verger"
E0104040302;Aménagement du jardin
E0104040301;Almanachs et calendriers
E0104040310;Autres Jardin
E010405;Sports et transports
E01040501;Sports
E0104050111;Autres sports
E0104050110;Témoignages et biographies Sport
E0104050109;Sports mécaniques
E0104050108;Sports de mer et montagne
E0104050107;Fitness et gymnastique
E0104050106;Arts martiaux
E0104050105;Équitation
E0104050104;Cyclisme
E0104050103;Tennis
E0104050102;Rugby
E0104050101;Football
E01040502;Transports
E0104050207;Autres transports
E0104050206;Bateau et voile
E0104050205;Code de la route
E0104050204;Automobile
E0104050203;Train
E0104050202;Motos et camions
E0104050201;Avion et pilotage
E010406;Tourisme
E01040601;France
E0104060110;Généralités
E0104060100;France
E010406010001;Cartes
E010406010002;Guides
E010406010003;Beaux Livres
E0104060101;Bretagne
E010406010103;Beaux Livres
E010406010102;Guides
E010406010101;Cartes
E0104060102;Normandie, Hauts de France
E010406010201;Cartes
E010406010202;Guides
E010406010203;Beaux Livres
E0104060103;Ile-de-France, Grand-Est
E010406010301;Cartes
E010406010302;Guides
E010406010303;Beaux Livres
E0104060104;Bourgogne-Franche-Comté
E010406010401;Cartes
E010406010402;Guides
E010406010403;Beaux Livres
E0104060105;Auvergne, Rhône-Alpes
E010406010501;Cartes
E010406010502;Guides
E010406010503;Beaux Livres
E0104060106;Centre
E010406010601;Cartes
E010406010602;Guides
E010406010603;Beaux Livres
E0104060107;Nouvelle Aquitaine
E010406010701;Cartes
E010406010702;Guides
E010406010703;Beaux Livres
E0104060108;Occitanie
E010406010801;Cartes
E010406010802;Guides
E010406010803;Beaux Livres
E0104060109;Provence-Alpes-Côte d'Azur, Monaco, Corse
E010406010901;Cartes
E010406010902;Guides
E010406010903;Beaux Livres
E010406010204;Cartes
E010406010205;Guides
E010406010206;Beaux Livres
E010406010307;Cartes
E010406010308;Guides
E010406010309;Beaux Livres
E010406010410;Cartes
E010406010411;Guides
E010406010412;Beaux Livres
E010406010513;Cartes
E010406010514;Guides
E010406010515;Beaux Livres
E010406010616;Cartes
E010406010617;Guides
E010406010618;Beaux Livres
E010406010719;Cartes
E010406010720;Guides
E010406010721;Beaux Livres
E010406010822;Cartes
E010406010823;Guides
E010406010824;Beaux Livres
E010406010925;Cartes
E010406010926;Guides
E010406010927;Beaux Livres
E01040602;Europe
E0104060218;Scandinavie
E010406021801;Norvège
E01040602180103;Beaux Livres
E01040602180102;Guides
E01040602180101;Cartes
E010406021802;Suède
E01040602180201;Cartes
E01040602180202;Guides
E01040602180203;Beaux Livres
E010406021803;Danemark
E01040602180301;Cartes
E01040602180302;Guides
E01040602180303;Beaux Livres
E010406021804;Finlande
E01040602180401;Cartes
E01040602180402;Guides
E01040602180403;Beaux Livres
E0104060201;Royaume-Uni, Irlande
E010406020103;Beaux Livres
E010406020102;Guides
E010406020101;Cartes
E0104060202;Allemagne
E010406020201;Cartes
E010406020202;Guides
E010406020203;Beaux Livres
E0104060203;Autriche et Lichtenstein
E010406020301;Cartes
E010406020302;Guides
E010406020303;Beaux Livres
E0104060204;Pays-Bas
E010406020401;Cartes
E010406020402;Guides
E010406020403;Beaux Livres
E0104060205;Belgique et Luxembourg
E010406020501;Cartes
E010406020502;Guides
E010406020503;Beaux Livres
E0104060206;Suisse
E010406020601;Cartes
E010406020602;Guides
E010406020603;Beaux Livres
E0104060207;Grèce
E010406020701;Cartes
E010406020702;Guides
E010406020703;Beaux Livres
E0104060208;Espagne, Andorre, Gibraltar
E010406020801;Cartes
E010406020802;Guides
E010406020803;Beaux Livres
E0104060209;Portugal, Açores
E010406020901;Cartes
E010406020902;Guides
E010406020903;Beaux Livres
E0104060210;Italie
E010406021001;Cartes
E010406021002;Guides
E010406021003;Beaux Livres
E0104060211;République tchèque et Slovaquie
E010406021101;Cartes
E010406021102;Guides
E010406021103;Beaux Livres
E0104060212;Pologne
E010406021201;Cartes
E010406021202;Guides
E010406021203;Beaux Livres
E0104060213;Hongrie
E010406021301;Cartes
E010406021302;Guides
E010406021303;Beaux Livres
E0104060214;Roumanie
E010406021401;Cartes
E010406021402;Guides
E010406021403;Beaux Livres
E0104060215;Bulgarie
E010406021501;Cartes
E010406021502;Guides
E010406021503;Beaux Livres
E0104060216;Russie
E010406021601;Cartes
E010406021602;Guides
E010406021603;Beaux Livres
E0104060217;Ukraine
E010406021701;Cartes
E010406021702;Guides
E010406021703;Beaux Livres
E0104060219;Autres Pays d'Europe
E010406021901;Cartes
E010406021902;Guides
E010406021903;Beaux Livres
E010406020204;Cartes
E010406020205;Guides
E010406020206;Beaux Livres
E010406020307;Cartes
E010406020308;Guides
E010406020309;Beaux Livres
E010406020410;Cartes
E010406020411;Guides
E010406020412;Beaux Livres
E010406020513;Cartes
E010406020514;Guides
E010406020515;Beaux Livres
E010406020616;Cartes
E010406020617;Guides
E010406020618;Beaux Livres
E010406020719;Cartes
E010406020720;Guides
E010406020721;Beaux Livres
E010406020822;Cartes
E010406020823;Guides
E010406020824;Beaux Livres
E010406020925;Cartes
E010406020926;Guides
E010406020927;Beaux Livres
E010406021028;Cartes
E010406021029;Guides
E010406021030;Beaux Livres
E010406021131;Cartes
E010406021132;Guides
E010406021133;Beaux Livres
E010406021234;Cartes
E010406021235;Guides
E010406021236;Beaux Livres
E010406021337;Cartes
E010406021338;Guides
E010406021339;Beaux Livres
E010406021440;Cartes
E010406021441;Guides
E010406021442;Beaux Livres
E010406021543;Cartes
E010406021544;Guides
E010406021545;Beaux Livres
E010406021646;Cartes
E010406021647;Guides
E010406021648;Beaux Livres
E010406021749;Cartes
E010406021750;Guides
E010406021751;Beaux Livres
E01040602180204;Cartes
E01040602180205;Guides
E01040602180206;Beaux Livres
E01040602180307;Cartes
E01040602180308;Guides
E01040602180309;Beaux Livres
E01040602180410;Cartes
E01040602180411;Guides
E01040602180412;Beaux Livres
E010406021905;Cartes
E010406021906;Guides
E010406021907;Beaux Livres
E01040603;Amérique du Nord
E0104060303;Beaux Livres
E0104060302;Guides
E0104060301;Cartes
E01040604;Amérique Centrale et Amérique du Sud
E0104060403;Beaux Livres
E0104060402;Guides
E0104060401;Cartes
E01040605;Asie
E0104060503;Beaux Livres
E0104060502;Guides
E0104060501;Cartes
E01040606;Afrique
E0104060603;Beaux Livres
E0104060602;Guides
E0104060601;Cartes
E01040607;Océanie
E0104060703;Beaux Livres
E0104060702;Guides
E0104060701;Cartes
E01040608;Randonnée (pédestre, vélo)
E01040609;Généralités Tourisme
E01040610;Guides de conversation
E010407;Calendriers et almanachs
E010408;Vie quotidienne
E01040801;Entretien ménager
E01040802;Vie familiale
E01040803;Rangement
E01040804;Bricolage
E01040805;Autres Vie quotidienne
E010409;Loisirs et jeux
E01040901;Jeux de cartes et Jeux de société
E01040902;Enigmes et jeux de logique
E01040903;Jeux de rôle
E01040904;Autres jeux
E0105;Arts, Culture & Société
E010501;Questions de société : politique, économie, société..
E010502;Art
E0105020101;Architecture, urbanisme
E0105020202;Histoire de l'art
E0105020303;Peinture
E0105020404;Sculpture
E0105020505;Graphisme, illustration, design
E0105020606;Arts décoratifs
E0105020707;Musées, expositions
E0105020808;Autres Art
E01050201;Architecture, urbanisme
E01050202;Histoire de l'art
E01050203;Peinture
E01050204;Sculpture
E01050205;Graphisme, illustration, design
E01050206;Arts décoratifs
E01050207;Musées, expositions
E01050208;Autres Art
E010503;Cinéma
E0105030101;Généralités Cinéma
E0105030202;Acteurs et Actrices
E0105030303;Réalisateurs et Films
E0105030404;Techniques Cinéma
E0105030505;Autres Cinéma
E01050301;Généralités Cinéma
E01050302;Acteurs et Actrices
E01050303;Réalisateurs et Films
E01050304;Techniques Cinéma
E01050305;Autres Cinéma
E010504;Musique
E0105040101;Généralités Musique
E0105040202;Instruments
E0105040303;Pop, Rock
E0105040404;Jazz, Blues, Soul
E0105040505;Classique
E0105040606;Autres genres musicaux
E0105040707;Biographies Musique
E0105040808;Partitions
E0105040909;Autres Musique
E01050401;Généralités Musique
E01050402;Instruments
E01050403;Pop, Rock
E01050404;Jazz, Blues, Soul
E01050405;Classique
E01050406;Autres genres musicaux
E01050407;Biographies Musique
E01050408;Partitions
E01050409;Autres Musique
E010505;Arts du spectacle
E0105050101;Théâtre
E0105050202;Danse
E0105050303;Opéra
E0105050404;Cirque
E0105050505;Autres Arts du Spectacle
E01050501;Théâtre
E01050502;Danse
E01050503;Opéra
E01050504;Cirque
E01050505;Autres Arts du Spectacle
E010506;Mode
E010507;Photographie
E0105070101;Généralités Photographie
E0105070202;Photographes
E0105070303;Techniques Photographie
E0105070404;Autres  Photographie
E01050701;Généralités Photographie
E01050702;Photographes
E01050703;Techniques Photographie
E01050704;Autres  Photographie
E010508;Télévision, radio
E010509;Autres Art, cinéma, musique…
E010510;Esotérisme
E01051001;Arts divinatoires
E0105100103;Autres Arts divinatoires
E0105100102;Pendule et radiesthésie
E0105100101;Tarots
E01051002;Paranormal
E0105100204;Autres Paranormal
E0105100203;Phénomènes parapsychiques
E0105100202;Spiritisme
E0105100201;Extra-terrestres
E01051003;Sciences occultes
E0105100305;Autres Sciences occultes
E0105100304;Rêves et symboles
E0105100303;Astrologie
E0105100302;Alchimie
E0105100301;Magie et sorcellerie
E01051004;Hermétisme, Kabbale
E0105100402;Kabbale
E0105100401;Hermétisme
E01051005;Franc-maçonnerie
E01051006;Autres Esotérisme
E010511;Histoire
E01051101;Généralités Histoire
E01051102;Biographies Histoire
E01051103;Préhistoire & Archéologie
E01051104;Antiquité
E01051105;Histoire médiévale
E01051106;Première et Seconde Guerres Mondiales
E01051107;Histoire de France
E01051108;Histoire de l'Europe
E01051109;Histoire de l'Amérique du Nord
E01051110;Histoire de l'Amérique Latine & des Antilles
E01051111;Histoire de l'Afrique
E01051112;Histoire du Proche Orient & Moyen Orient
E01051113;Histoire de l'Asie & du Pacifique
E01051114;Mythologie
E01051115;Autres histoire
E010512;Religion et spiritualités
E01051201;Généralités Religions
E01051202;Bibles, Corans et autres ouvrages sacrés
E01051203;Christianisme
E01051204;Islam
E01051205;Judaïsme
E01051206;Protestantisme
E01051207;Orthodoxie
E01051208;Bouddhisme
E01051209;Hindouisme
E01051210;Spiritualités d'Extrême Orient
E01051211;La religions expliquée aux enfants
E01051212;Autres Religion et spiritualités
E010513;Sciences Humaines
E01051301;Psychologie - Psychanalyse
E0105130105;Autres Psychologie - Psychanalyse
E0105130104;Psychologie générale et cognitive
E0105130103;Psychologie sociale et clinique
E0105130102;Psychologie de l'enfant et de l'adolescent
E0105130101;Généralités Psychologie et Psychanalyse
E01051302;Philosophie
E0105130206;Autres philosophie
E0105130205;Dictionnaires et ouvrages de référence
E0105130204;Histoire de la Philosophie
E0105130203;Études d'œuvres
E0105130202;Œuvres philosophiques
E0105130201;Généralités Philosophie
E01051303;Politique et administration publique
E01051304;Géographie
E01051305;Ecologie et Environnement
E01051306;Sociologie, , anthropologie
E01051307;Ethnologie
E01051308;Autres Sciences humaines
E0106;Savoirs
E010601;Dictionnaires & Langues
E01060101;Français
E01060102;Anglais
E01060103;Espagnol
E01060104;Allemand
E01060105;Italien
E01060106;Chinois et Japonais
E01060107;Portugais et Brésilien
E01060108;Arabe
E01060109;Russe
E01060110;Autres Langues
E01060111;Langues mortes
E01060112;Autres dictionnaires
E01060113;Dictionnaires Juniors
E010602;Méthodes de langues
E01060201;Français
E01060202;Anglais
E01060203;Espagnol
E01060204;Allemand
E01060205;Italien
E01060206;Chinois et Japonais
E01060207;Portugais et Brésilien
E01060208;Arabe
E01060209;Russe
E01060210;Autres Langues
E01060211;Langues mortes
E010603;Droit
E01060301;Généralités Droit
E01060302;Droit constitutionnel et administratif
E01060303;Droit civil
E01060304;Droit de l'environnement
E01060305;Droit de l'urbanisme
E01060306;Droit des affaires
E01060307;Droit fiscal
E01060308;Droit du travail et droit social
E01060309;Droit européen
E01060310;Droit international
E01060311;Droit pénal
E01060312;Droits de l'homme
E01060313;Droits des étrangers
E01060314;Finances publiques
E01060315;Personnels de la justice
E01060316;Histoire, théorie et enseignement du droit
E01060317;Autres droit
E010604;Economie & Entreprise
E01060401;Economie
E0106040112;Autres Economie
E0106040111;Théories économiques
E0106040110;Micro-économie
E0106040109;Macro-économie
E0106040108;Finance internationale
E0106040107;Politique économique
E0106040106;Économie internationale
E0106040105;Économie - Principes mathématiques
E0106040104;Dictionnaires économiques
E0106040103;Comptabilité nationale
E0106040102;Bourse, gestion de patrimoine
E0106040101;Généralités Économie
E01060402;Entreprise
E0106040213;Autres Entreprise
E0106040212;Essais et Témoignages Entreprise
E0106040211;Création et reprise d'entreprise
E0106040210;Systèmes d'information
E0106040209;Stratégie
E0106040208;Marketing et publicité
E0106040207;Management
E0106040206;Gestion et comptabilité
E0106040205;Ressources humaines
E0106040204;Gestion de projet
E0106040203;Gestion de production et logistique
E0106040202;Économie d'entreprise
E0106040201;Commerce et vente
E01060403;Carrières et emploi
E0106040305;Autres Carrières et emploi
E0106040304;Expression écrite et orale
E0106040303;Formation et emploi
E0106040302;Efficacité professionnelle
E0106040301;Orientation professionnelle et recherche d'emploi
E010606;Sciences et techniques
E01060601;Histoire et Philosophie des Sciences
E01060602;Astronomie
E01060603;Chimie
E01060604;Électronique
E01060605;Ingénierie
E01060606;Mathématiques
E01060607;Physique
E01060608;Sciences de la terre & Environnement
E01060609;Sciences de la vie & Biologie
E01060610;Bâtiments et Travaux publics
E01060611;Autres Sciences
E010607;Médecine & paramédical
E01060701;Généralités et Dictionnaires de médecine
E01060702;Généralités Médecine Universitaire
E01060703;Anatomie et Corps humain
E01060704;Histoire, éthique
E01060705;Santé publique - Hôpital
E01060706;Technologies médicales
E01060707;Médecine du Sport et de Rééducation
E01060708;Pharmacie
E01060709;Spécialités médicales et Pathologies
E0106070907;Vétérinaire
E0106070906;Soins dentaires - Stomatologie
E0106070905;Radiologie - Imagerie
E0106070904;Pharmacologie
E0106070903;Pédiatrie
E0106070902;Homéopathie et autres médecines douces
E0106070901;Chirurgie - Traumatologie
E01060710;Internat, concours
E01060711;Autres Médecine & paramédical
E010605;Informatique
E01060501;Informatique grand public
E0106050101;Bureautique
E0106050102;Matériel Informatique
E0106050103;Internet
E0106050104;Jeux
E01060502;Informatique Professionnels et Entreprises
E0106050201;Généralités Professionnels et Entreprise
E0106050202;Qualité, Sécurité et maintenance
E0106050203;Bases de données
E0106050204;Développement Web
E0106050205;Internet
E0106050206;Programmation et langages
E0106050207;Systèmes d'exploitation
E0106050208;Réseaux et Télécommunications
E0106050209;Graphisme, PAO et Modélisation
E0106050210;Autres Informatique grand public
E0107;Scolaire et parascolaire
E010701;Scolaire et soutien scolaire
E01070101;Maternelle
E0107010104;Généralités
E0107010103;Grande section
E0107010102;Moyenne section
E0107010101;Toute Petite et petite section
E01070102;Primaire
E0107010206;Généralités
E0107010205;CM2
E010701020504;Découverte (Autres matières)
E010701020503;Langues
E010701020502;Mathématiques
E010701020501;Français
E0107010204;CM1
E010701020404;Découverte (Autres matières)
E010701020403;Langues
E010701020402;Mathématiques
E010701020401;Français
E0107010203;CE2
E010701020304;Découverte (Autres matières)
E010701020303;Langues
E010701020302;Mathématiques
E010701020301;Français
E0107010202;CE1
E010701020204;Découverte (Autres matières)
E010701020203;Langues
E010701020202;Mathématiques
E010701020201;Français
E0107010201;CP
E010701020104;Découverte (Autres matières)
E010701020103;Langues
E010701020102;Mathématiques
E010701020101;Français
E01070103;Collège
E0107010305;Généralités
E0107010304;3ème
E010701030408;Autres Matières
E010701030407;Technologie
E010701030406;Physique, chimie
E010701030405;Sciences de la vie et de la terre
E010701030404;Langues
E010701030403;Histoire, géographie, éducation civique
E010701030402;Mathématiques
E010701030401;Français
E0107010303;4ème
E010701030308;Autres Matières
E010701030307;Technologie
E010701030306;Physique, chimie
E010701030305;Sciences de la vie et de la terre
E010701030304;Langues
E010701030303;Histoire, géographie, éducation civique
E010701030302;Mathématiques
E010701030301;Français
E0107010302;5ème
E010701030208;Autres Matières
E010701030207;Technologie
E010701030206;Physique, chimie
E010701030205;Sciences de la vie et de la terre
E010701030204;Langues
E010701030203;Histoire, géographie, éducation civique
E010701030202;Mathématiques
E010701030201;Français
E0107010301;6ème
E010701030108;Autres Matières
E010701030107;Technologie
E010701030106;Physique, chimie
E010701030105;Sciences de la vie et de la terre
E010701030104;Langues
E010701030103;Histoire, géographie, éducation civique
E010701030102;Mathématiques
E010701030101;Français
E01070104;Lycée d'enseignement général
E0107010404;Généralités
E0107010403;Terminale, Bac L, ES et S
E010701040308;Autres Matières
E010701040307;Sciences économiques et sociales
E010701040306;Physique, chimie
E010701040305;Sciences de la vie et de la terre
E010701040304;Langues
E010701040303;Histoire, géographie
E010701040302;Mathématiques
E010701040301;Français
E0107010402;1ères L, ES et S
E010701040208;Autres Matières
E010701040207;Sciences économiques et sociales
E010701040206;Physique, chimie
E010701040205;Sciences de la vie et de la terre
E010701040204;Langues
E010701040203;Histoire, géographie
E010701040202;Mathématiques
E010701040201;Français
E0107010401;2nde
E010701040108;Autres Matières
E010701040107;Sciences économiques et sociales
E010701040106;Physique, chimie
E010701040105;Sciences de la vie et de la terre
E010701040104;Langues
E010701040103;Histoire, géographie
E010701040102;Mathématiques
E010701040101;Français
E01070105;Lycée d'enseignement technologique
E0107010509;Généralités
E0107010508;TDM
E0107010507;Hôtellerie
E0107010505;STD2A
E0107010501;STMG
E010701050105;Autres Matières
E010701050104;Economie, droit
E010701050103;Histoire, géographie
E010701050102;Français
E010701050101;Mathématiques
E0107010502;STI2D
E010701050201;Mathématiques
E010701050202;Physique, chimie
E010701050203;Autres Matières
E0107010503;STL
E010701050301;Mathématiques
E010701050302;Français
E010701050303;Histoire, géographie
E010701050304;Physique, chimie
E010701050305;Autres Matières
E0107010504;ST2S
E010701050401;Mathématiques
E010701050402;Histoire, géographie
E010701050403;Physique, chimie
E010701050404;Autres Matières
E0107010506;STAV
E010701050604;Autres Matières
E010701050603;Physique, chimie
E010701050602;Histoire, géographie
E010701050601;Mathématiques
E010701050206;Mathématiques
E010701050207;Physique, chimie
E010701050208;Autres Matières
E010701050309;Mathématiques
E010701050310;Français
E010701050311;Histoire, géographie
E010701050312;Physique, chimie
E010701050313;Autres Matières
E010701050414;Mathématiques
E010701050415;Histoire, géographie
E010701050416;Physique, chimie
E010701050417;Autres Matières
E01070106;Lycée d'enseignement professionnel
E0107010604;Généralités
E0107010603;Bac pro
E0107010602;BEP
E0107010601;CAP
E01070107;BTS
E0107010711;Autres Matières
E0107010710;Médecine
E0107010709;Physique, chimie
E0107010708;Informatique
E0107010707;Technologies et industries
E0107010706;Langues
E0107010705;Mathématiques
E0107010704;Lettres modernes
E0107010703;Sciences économiques
E0107010702;Droit
E0107010701;Commerce, gestion, comptabilité
E01070108;DUT, DMA
E0107010806;Autres Matières
E0107010805;Informatique
E0107010804;Technologies et industries
E0107010803;Physique, chimie
E0107010802;Mathématiques
E0107010801;Commerce, gestion, comptabilité
E010702;Annales
E01070201;Collège
E01070202;Lycée
E01070203;Enseignement supérieur
E010703;Cahiers de vacances
E01070301;Maternelle
E0107030103;Grande section
E0107030102;Moyenne section
E0107030101;Toute petite et Petite section
E01070302;Primaire
E0107030205;CM2
E0107030204;CM1
E0107030203;CE2
E0107030202;CE1
E0107030201;CP
E01070303;Collège
E0107030304;3ème
E0107030303;4ème
E0107030302;5ème
E0107030301;6ème
E01070304;Lycée
E0107030403;Terminale
E0107030402;1ères L, ES et S
E0107030401;2nde
E010704;Concours et prépas
E01070401;Concours, examens généralités
E0107040104;Notes de synthèse
E0107040103;Entretiens, épreuves orales
E0107040102;Culture générale
E0107040101;Préparation aux concours
E01070402;Concours de la Fonction publique
E0107040207;Concours catégories B, A
E0107040206;Concours catégories B, C
E0107040205;Concours catégories A, B
E0107040204;Concours catégories A, B, C
E0107040203;Concours catégorie C
E0107040202;Concours catégorie B
E0107040201;Concours catégorie A
E01070403;Concours de l'Education nationale
E01070404;Concours soins infirmiers, paramédicaux, travail social
E01070405;Classes prépas
E0107040504;Prépas Ecoles culturelles et littéraires
E0107040503;Prépas Ecoles scientifiques et technologiques
E0107040502;Prépas Ecoles de commerce et gestion
E0107040501;Prépas Ecole d'ingénieurs
E01070406;Examens comptabilité et gestion
E010705;Œuvres littéraires classiques
E010706;Pédagogie, Enseignement,  Education
E01070601;Généralités
E01070602;Pédagogie
E01070603;Vie scolaire
E0108;Livres audio
E0109;Livres en grands caractères
E010901;Littérature
E010902;Autres livres en anglais
E0110;Livres en anglais (VO)
E011001;Littérature
E011002;Autres livres en anglais
E04;Vidéo
E0401;Série TV
E040101;Fantastique / Science?fiction
E04010101;DVD
E04010102;BLU-RAY
E04010103;BLU-RAY 3D
E04010104;BLU-RAY 4K
E040102;Horreur
E04010201;DVD
E04010202;BLU-RAY
E04010203;BLU-RAY 3D
E04010204;BLU-RAY 4K
E040103;Action / Aventure
E04010301;DVD
E04010302;BLU-RAY
E04010303;BLU-RAY 3D
E04010304;BLU-RAY 4K
E040104;Médical
E04010401;DVD
E04010402;BLU-RAY
E04010403;BLU-RAY 3D
E04010404;BLU-RAY 4K
E040105;Comédie
E04010501;DVD
E04010502;BLU-RAY
E04010503;BLU-RAY 3D
E04010504;BLU-RAY 4K
E040106;Ados
E04010601;DVD
E04010602;BLU-RAY
E04010603;BLU-RAY 3D
E04010604;BLU-RAY 4K
E040107;Famille
E04010701;DVD
E04010702;BLU-RAY
E04010703;BLU-RAY 3D
E04010704;BLU-RAY 4K
E040108;Dramatique
E04010801;DVD
E04010802;BLU-RAY
E04010803;BLU-RAY 3D
E04010804;BLU-RAY 4K
E040109;Historique et Biographique
E04010901;DVD
E04010902;BLU-RAY
E04010903;BLU-RAY 3D
E04010904;BLU-RAY 4K
E040110;Thriller
E04011001;DVD
E04011002;BLU-RAY
E04011003;BLU-RAY 3D
E04011004;BLU-RAY 4K
E040111;Politique
E04011101;DVD
E04011102;BLU-RAY
E04011103;BLU-RAY 3D
E04011104;BLU-RAY 4K
E040112;Policier
E04011201;DVD
E04011202;BLU-RAY
E04011203;BLU-RAY 3D
E04011204;BLU-RAY 4K
E040113;Judiciaire
E04011301;DVD
E04011302;BLU-RAY
E04011303;BLU-RAY 3D
E04011304;BLU-RAY 4K
E040114;Guerre
E04011401;DVD
E04011402;BLU-RAY
E04011403;BLU-RAY 3D
E04011404;BLU-RAY 4K
E040115;Western
E04011501;DVD
E04011502;BLU-RAY
E04011503;BLU-RAY 3D
E04011504;BLU-RAY 4K
E040116;Teenager
E04011601;DVD
E04011602;BLU-RAY
E04011603;BLU-RAY 3D
E04011604;BLU-RAY 4K
E040117;Thriller
E04011701;DVD
E04011702;BLU-RAY
E04011703;BLU-RAY 3D
E04011704;BLU-RAY 4K
E040118;Western
E04011801;DVD
E04011802;BLU-RAY
E04011803;BLU-RAY 3D
E04011804;BLU-RAY 4K
E040119;Erotique
E04011901;DVD
E04011902;BLU-RAY
E04011903;BLU-RAY 3D
E04011904;BLU-RAY 4K
E0402;Enfant
E040201;Films d'animation
E04020101;DVD
E04020102;BLU-RAY
E04020103;BLU-RAY 3D
E04020104;BLU-RAY 4K
E040202;Séries animées
E04020201;DVD
E04020202;BLU-RAY
E04020203;BLU-RAY 3D
E04020204;BLU-RAY 4K
E040203;Animation japonaise films
E04020301;DVD
E04020302;BLU-RAY
E04020303;BLU-RAY 3D
E04020304;BLU-RAY 4K
E040204;Animation japonaise séries
E04020401;DVD
E04020402;BLU-RAY
E04020403;BLU-RAY 3D
E04020404;BLU-RAY 4K
E040205;Film famille
E04020501;DVD
E04020502;BLU-RAY
E04020503;BLU-RAY 3D
E04020504;BLU-RAY 4K
E040206;Walt Disney
E04020601;DVD
E04020602;BLU-RAY
E04020603;BLU-RAY 3D
E04020604;BLU-RAY 4K
E0403;Film
E040301;Fantastique / SF
E04030101;DVD
E04030102;BLU-RAY
E04030103;BLU-RAY 3D
E04030104;BLU-RAY 4K
E040302;Action / Aventure
E04030201;DVD
E04030202;BLU-RAY
E04030203;BLU-RAY 3D
E04030204;BLU-RAY 4K
E040303;Films d'animation
E04030301;DVD
E04030302;BLU-RAY
E04030303;BLU-RAY 3D
E04030304;BLU-RAY 4K
E040304;Animation japonaise
E04030401;DVD
E04030402;BLU-RAY
E04030403;BLU-RAY 3D
E04030404;BLU-RAY 4K
E040305;Comédie
E04030501;DVD
E04030502;BLU-RAY
E04030503;BLU-RAY 3D
E04030504;BLU-RAY 4K
E040306;Film musical
E04030601;DVD
E04030602;BLU-RAY
E04030603;BLU-RAY 3D
E04030604;BLU-RAY 4K
E040307;Drame / Comédie dramatique
E04030701;DVD
E04030702;BLU-RAY
E04030703;BLU-RAY 3D
E04030704;BLU-RAY 4K
E040308;Film biographique
E04030801;DVD
E04030802;BLU-RAY
E04030803;BLU-RAY 3D
E04030804;BLU-RAY 4K
E040309;Policier / Thriller
E04030901;DVD
E04030902;BLU-RAY
E04030903;BLU-RAY 3D
E04030904;BLU-RAY 4K
E040310;Horreur
E04031001;DVD
E04031002;BLU-RAY
E04031003;BLU-RAY 3D
E04031004;BLU-RAY 4K
E040311;Western
E04031101;DVD
E04031102;BLU-RAY
E04031103;BLU-RAY 3D
E04031104;BLU-RAY 4K
E040312;Guerre
E04031201;DVD
E04031202;BLU-RAY
E04031203;BLU-RAY 3D
E04031204;BLU-RAY 4K
E040313;Asiatique
E04031301;DVD
E04031302;BLU-RAY
E04031303;BLU-RAY 3D
E04031304;BLU-RAY 4K
E040314;Charme, Érotisme (public averti)
E04031401;DVD
E04031402;BLU-RAY
E04031403;BLU-RAY 3D
E04031404;BLU-RAY 4K
E0404;Humour et Documentaires
E040401;Humour & Spectacle
E04040101;DVD
E04040102;BLU-RAY
E04040103;BLU-RAY 3D
E04040104;BLU-RAY 4K
E040402;Théatre
E04040201;DVD
E04040202;BLU-RAY
E04040203;BLU-RAY 3D
E04040204;BLU-RAY 4K
E040403;Documentaire
E04040301;DVD
E04040302;BLU-RAY
E04040303;BLU-RAY 3D
E04040304;BLU-RAY 4K
E040404;Bien-être, santé, forme
E04040401;DVD
E04040402;BLU-RAY
E04040403;BLU-RAY 3D
E04040404;BLU-RAY 4K
E040405;Court métrage
E04040501;DVD
E04040502;BLU-RAY
E04040503;BLU-RAY 3D
E04040504;BLU-RAY 4K
E03;Jeux vidéo
E0301;Nintendo 3DS
E030101;Consoles
E030102;Jeux
E03010201;Action
E03010202;Aventure
E03010203;Combat
E03010204;Tir / FPS
E03010205;Rôle / RPG
E03010206;Jeu musical
E03010207;Plateforme
E03010208;Réflexion / Loisirs
E03010209;Simulation / Gestion
E03010210;Sport / Course
E03010211;Stratégie / RTS
E03010212;Mini jeux / Party games
E03010213;Fitness / Forme
E03010214;Rétro
E03010215;Divers jeux
E03010216;MMORPG
E030103;Accessoires
E03010301;Rangement / Protection
E03010302;Recharge / Connectique
E03010303;Stylets / Divers contrôle
E03010304;Manettes
E03010305;Volants
E03010306;Motion controller
E03010307;Stockage mémoire
E03010308;Cartes prépayées
E03010309;Casques audio
E03010310;Packs accessoires
E03010311;Divers accessoires
E0302;Nintendo Wii
E030201;Consoles
E030202;Jeux
E03020201;Action
E03020202;Aventure
E03020203;Combat
E03020204;Tir / FPS
E03020205;Rôle / RPG
E03020206;Jeu musical
E03020207;Plateforme
E03020208;Réflexion / Loisirs
E03020209;Simulation / Gestion
E03020210;Sport / Course
E03020211;Stratégie / RTS
E03020212;Mini jeux / Party games
E03020213;Fitness / Forme
E03020214;Rétro
E03020215;Divers jeux
E03020216;MMORPG
E030203;Accessoires
E03020301;Rangement / Protection
E03020302;Recharge / Connectique
E03020303;Stylets / Divers contrôle
E03020304;Manettes
E03020305;Pistolets
E03020306;Volants
E03020307;Motion controller
E03020308;Stockage mémoire
E03020309;Cartes prépayées
E03020310;Casques audio
E03020311;Packs accessoires
E03020312;Divers accessoires
E0303;Nintendo Wii U
E030301;Consoles
E030302;Jeux
E03030201;Action
E03030202;Aventure
E03030203;Combat
E03030204;Tir / FPS
E03030205;Rôle / RPG
E03030206;Jeu musical
E03030207;Plateforme
E03030208;Réflexion / Loisirs
E03030209;Simulation / Gestion
E03030210;Sport / Course
E03030211;Stratégie / RTS
E03030212;Mini jeux / Party games
E03030213;Fitness / Forme
E03030214;Rétro
E03030215;Divers jeux
E03030216;MMORPG
E030303;Accessoires
E03030301;Rangement / Protection
E03030302;Recharge / Connectique
E03030303;Stylets / Divers contrôle
E03030304;Manettes
E03030305;Pistolets
E03030306;Volants
E03030307;Motion controller
E03030308;Stockage mémoire
E03030309;Cartes prépayées
E03030310;Casques audio
E03030311;Packs accessoires
E03030312;Divers accessoires
E0304;Sony PS Vita
E030401;Consoles
E030402;Jeux
E03040201;Action
E03040202;Aventure
E03040203;Combat
E03040204;Tir / FPS
E03040205;Rôle / RPG
E03040206;Jeu musical
E03040207;Plateforme
E03040208;Réflexion / Loisirs
E03040209;Simulation / Gestion
E03040210;Sport / Course
E03040211;Stratégie / RTS
E03040212;Mini jeux / Party games
E03040213;Fitness / Forme
E03040214;Rétro
E03040215;Divers jeux
E03040216;MMORPG
E030403;Accessoires
E03040301;Rangement / Protection
E03040302;Recharge / Connectique
E03040303;Stylets / Divers contrôle
E03040304;Manettes
E03040305;Volants
E03040306;Motion controller
E03040307;Stockage mémoire
E03040308;Cartes prépayées
E03040309;Casques audio
E03040310;Packs accessoires
E03040311;Divers accessoires
E0305;PlayStation 3
E030503;Accessoires
E03050301;Rangement / Protection
E03050302;Recharge / Connectique
E03050303;Stylets / Divers contrôle
E03050304;Manettes
E03050305;Pistolets
E03050306;Volants
E03050307;Motion controller
E03050308;Stockage mémoire
E03050309;Cartes prépayées
E03050310;Casques audio
E03050311;Packs accessoires
E03050312;Divers accessoires
E030502;Jeux
E03050201;Action
E03050202;Aventure
E03050203;Combat
E03050204;Tir / FPS
E03050205;Rôle / RPG
E03050206;Jeu musical
E03050207;Plateforme
E03050208;Réflexion / Loisirs
E03050209;Simulation / Gestion
E03050210;Sport / Course
E03050211;Stratégie / RTS
E03050212;Mini jeux / Party games
E03050213;Fitness / Forme
E03050214;Rétro
E03050215;Divers jeux
E03050216;MMORPG
E030501;Consoles
E0306;PlayStation 4
E030603;Accessoires
E03060301;Rangement / Protection
E03060302;Recharge / Connectique
E03060303;Stylets / Divers contrôle
E03060304;Manettes
E03060305;Pistolets
E03060306;Volants
E03060307;Motion controller
E03060308;Stockage mémoire
E03060309;Cartes prépayées
E03060310;Casques audio
E03060311;Packs accessoires
E03060312;Divers accessoires
E03060313;Casques de réalité virtuelle
E030602;Jeux
E03060201;Action
E03060202;Aventure
E03060203;Combat
E03060204;Tir / FPS
E03060205;Rôle / RPG
E03060206;Jeu musical
E03060207;Plateforme
E03060208;Réflexion / Loisirs
E03060209;Simulation / Gestion
E03060210;Sport / Course
E03060211;Stratégie / RTS
E03060212;Mini jeux / Party games
E03060213;Fitness / Forme
E03060214;Rétro
E03060215;Divers jeux
E03060216;MMORPG
E030601;Consoles
E0307;Xbox 360
E030703;Accessoires
E03070301;Rangement / Protection
E03070302;Recharge / Connectique
E03070303;Stylets / Divers contrôle
E03070304;Manettes
E03070305;Pistolets
E03070306;Volants
E03070307;Motion controller
E03070308;Stockage mémoire
E03070309;Cartes prépayées
E03070310;Casques audio
E03070311;Packs accessoires
E03070312;Divers accessoires
E030702;Jeux
E03070201;Action
E03070202;Aventure
E03070203;Combat
E03070204;Tir / FPS
E03070205;Rôle / RPG
E03070206;Jeu musical
E03070207;Plateforme
E03070208;Réflexion / Loisirs
E03070209;Simulation / Gestion
E03070210;Sport / Course
E03070211;Stratégie / RTS
E03070212;Mini jeux / Party games
E03070213;Fitness / Forme
E03070214;Rétro
E03070215;Divers jeux
E03070216;MMORPG
E030701;Consoles
E0308;Xbox One
E030803;Accessoires
E03080301;Rangement / Protection
E03080302;Recharge / Connectique
E03080303;Stylets / Divers contrôle
E03080304;Manettes
E03080305;Pistolets
E03080306;Volants
E03080307;Motion controller
E03080308;Stockage mémoire
E03080309;Cartes prépayées
E03080310;Casques audio
E03080311;Packs accessoires
E03080312;Divers accessoires
E030802;Jeux
E03080201;Action
E03080202;Aventure
E03080203;Combat
E03080204;Tir / FPS
E03080205;Rôle / RPG
E03080206;Jeu musical
E03080207;Plateforme
E03080208;Réflexion / Loisirs
E03080209;Simulation / Gestion
E03080210;Sport / Course
E03080211;Stratégie / RTS
E03080212;Mini jeux / Party games
E03080213;Fitness / Forme
E03080214;Rétro
E03080215;Divers jeux
E03080216;MMORPG
E030801;Consoles
E0310;Produits dérivés
E031001;Gifts / Goodies
E031002;Figurines
E031003;Textile
E031004;Posters
E031005;Peluches
E031006;Cartes à jouer
E031007;Guides de solution
E031008;Divers produits dérivés
E0311;Rétrogaming
E031101;Consoles
E0312;Jouets connectés
E031201;Figurines connectées
E031202;Cartes à jouer interactives
E031203;Divers jouets connectés
E0313;Nintendo Switch
E031303;Accessoires
E03130301;Rangement / Protection
E03130302;Recharge / Connectique
E03130303;Stylets / Divers contrôle
E03130304;Manettes
E03130305;Pistolets
E03130306;Volants
E03130307;Motion controller
E03130308;Stockage mémoire
E03130309;Cartes prépayées
E03130310;Casques audio
E03130311;Packs accessoires
E03130312;Divers accessoires
E031302;Jeux
E03130201;Action
E03130202;Aventure
E03130203;Combat
E03130204;Tir / FPS
E03130205;Rôle / RPG
E03130206;Jeu musical
E03130207;Plateforme
E03130208;Réflexion / Loisirs
E03130209;Simulation / Gestion
E03130210;Sport / Course
E03130211;Stratégie / RTS
E03130212;Mini jeux / Party games
E03130213;Fitness / Forme
E03130214;Rétro
E03130215;Divers jeux
E03130216;MMORPG
E031301;Consoles
E0309;Jeux PC
E030902;Accessoires
E03090201;Recharge / Connectique
E03090202;Manettes
E03090203;Pistolets
E03090204;Volants
E03090205;Cartes prépayées
E03090206;Souris gamers
E03090207;Casques audio
E03090208;Packs accessoires
E03090209;Divers accessoires
E030901;Jeux
E03090101;Action
E03090102;Aventure
E03090103;Combat
E03090104;Tir / FPS
E03090105;Rôle / RPG
E03090106;Jeu musical
E03090107;Plateforme
E03090108;Réflexion / Loisirs
E03090109;Simulation / Gestion
E03090110;Sport / Course
E03090111;Stratégie / RTS
E03090112;Mini jeux / Party games
E03090113;Fitness / Forme
E03090114;Rétro
E03090115;Divers jeux
E03090116;MMORPG
E06;E-librairie
E05;Jouets
Playmobil;Playmobil
LEGO;LEGO
